Rank,Player,Team,2024-25,2025-26,2026-27,2027-28,2028-29,2029-30,Guaranteed
1,Stephen Curry,GSW,"$55,761,216","$59,606,817",,,,,"$115,368,033"
2,Nikola Jokić,DEN,"$51,415,938","$55,224,526","$59,033,114","$62,841,702",,,"$165,673,578"
3,Joel Embiid,PHI,"$51,415,938","$55,224,526",,,,,"$106,640,464"
4,Kevin Durant,PHO,"$51,179,021","$54,708,609",,,,,"$105,887,630"
5,Bradley Beal,PHO,"$50,203,930","$53,666,270","$57,128,610",,,,"$103,870,200"
6,Jaylen Brown,BOS,"$49,700,000","$53,676,000","$57,652,000","$61,628,000","$65,604,000",,"$288,260,000"
7,Devin Booker,PHO,"$49,205,800","$53,142,264","$57,078,728","$61,015,192",,,"$220,441,984"
8,Karl-Anthony Towns,NYK,"$49,205,800","$53,142,264","$57,078,728","$61,015,192",,,"$159,426,792"
9,Paul George,PHI,"$49,205,800","$51,666,090","$54,126,380","$56,586,670",,,"$154,998,270"
10,Kawhi Leonard,LAC,"$49,205,800","$50,000,000","$50,300,000",,,,"$149,505,800"
11,Jimmy Butler,MIA,"$48,798,677","$52,413,394",,,,,"$48,798,677"
12,Giannis Antetokounmpo,MIL,"$48,787,676","$54,126,450","$58,456,566","$62,786,682",,,"$161,370,692"
13,Damian Lillard,MIL,"$48,787,676","$54,126,450","$58,456,566",,,,"$102,914,126"
14,LeBron James,LAL,"$48,728,845","$52,627,153",,,,,"$48,728,845"
15,Rudy Gobert,MIN,"$43,827,586","$46,655,172",,,,,"$43,827,586"
16,Anthony Davis,LAL,"$43,219,440","$60,507,216","$65,347,793","$70,188,370",,,"$239,262,819"
17,Trae Young,ATL,"$43,031,940","$45,999,660","$48,967,380",,,,"$137,998,980"
18,Luka Dončić,DAL,"$43,031,940","$45,999,660","$48,967,380",,,,"$89,031,600"
19,Zach LaVine,CHI,"$43,031,940","$45,999,660","$48,967,380",,,,"$89,031,600"
20,Fred VanVleet,HOU,"$42,846,615","$44,886,930",,,,,"$42,846,615"
21,Anthony Edwards,MIN,"$42,176,400","$45,550,512","$48,924,624","$52,298,736","$55,672,848",,"$244,623,120"
22,Tyrese Haliburton,IND,"$42,176,400","$45,550,512","$48,924,624","$52,298,736","$55,672,848",,"$244,623,120"
23,Pascal Siakam,IND,"$42,176,400","$45,550,512","$48,924,624","$52,298,736",,,"$188,950,272"
24,Lauri Markkanen,UTA,"$42,176,400",,,,,,"$42,176,400"
25,Kyrie Irving,DAL,"$41,000,000","$43,962,963",,,,,"$41,000,000"
26,Domantas Sabonis,SAC,"$40,500,000","$43,636,000","$46,772,000","$49,908,000",,,"$180,816,000"
27,Ben Simmons,BRK,"$40,338,144",,,,,,"$40,338,144"
28,Zion Williamson,NOP,"$36,725,670","$39,446,090","$42,166,510","$44,886,930",,,"$163,225,200"
29,Ja Morant,MEM,"$36,725,670","$39,446,090","$42,166,510","$44,886,930",,,"$163,225,200"
30,Darius Garland,CLE,"$36,725,670","$39,446,090","$42,166,510","$44,886,930",,,"$163,225,200"
31,OG Anunoby,NYK,"$36,637,932","$39,568,966","$42,500,000","$45,431,034","$48,362,068",,"$164,137,932"
32,Brandon Ingram,NOP,"$36,016,200",,,,,,"$36,016,200"
33,Jamal Murray,DEN,"$36,016,200",,,,,,"$36,016,200"
34,Shai Gilgeous-Alexander,OKC,"$35,859,950","$38,333,050","$40,806,150",,,,"$114,999,150"
35,Michael Porter Jr.,DEN,"$35,859,950","$38,333,050","$40,806,150",,,,"$86,193,000"
36,Donovan Mitchell,CLE,"$35,410,310","$46,394,100","$50,105,628","$53,817,156",,,"$131,910,038"
37,Tyrese Maxey,PHI,"$35,147,000","$37,958,760","$40,770,520","$43,582,280","$46,394,040",,"$203,852,600"
38,LaMelo Ball,CHO,"$35,147,000","$37,958,760","$40,770,520","$43,582,280","$46,394,040",,"$203,852,600"
39,Jayson Tatum,BOS,"$34,848,340","$54,126,450","$58,456,566","$62,786,682","$67,116,798","$71,446,914","$277,334,836"
40,Bam Adebayo,MIA,"$34,848,340","$37,096,620","$48,713,700","$52,610,796","$56,507,892",,"$173,269,456"
41,De'Aaron Fox,SAC,"$34,848,340","$37,096,620",,,,,"$71,944,960"
42,Desmond Bane,MEM,"$34,005,250","$36,725,670","$39,446,090","$42,166,510","$44,886,930",,"$197,230,450"
43,Deandre Ayton,POR,"$34,005,126","$35,550,814",,,,,"$69,555,940"
44,James Harden,LAC,"$33,653,846","$36,346,154",,,,,"$33,653,846"
45,CJ McCollum,NOP,"$33,333,333","$30,666,666",,,,,"$63,999,999"
46,Immanuel Quickley,TOR,"$32,500,000","$32,500,000","$32,500,000","$32,500,000",,,"$130,000,000"
47,Khris Middleton,MIL,"$31,666,667","$34,012,345",,,,,"$31,666,667"
48,Jrue Holiday,BOS,"$30,000,000","$32,400,000","$34,800,000","$37,200,000",,,"$97,200,000"
49,Isaiah Hartenstein,OKC,"$30,000,000","$28,500,000","$28,500,000",,,,"$58,500,000"
50,Jerami Grant,POR,"$29,793,104","$32,000,001","$34,206,898","$36,413,790",,,"$96,000,003"
51,Jordan Poole,WAS,"$29,651,786","$31,848,215","$34,044,642",,,,"$95,544,643"
52,Devin Vassell,SAS,"$29,347,826","$27,000,000","$27,000,000","$24,652,174","$27,000,000",,"$135,000,000"
53,Kristaps Porziņģis,BOS,"$29,268,293","$30,731,707",,,,,"$60,000,000"
54,Tyler Herro,MIA,"$29,000,000","$31,000,000","$33,000,000",,,,"$93,000,000"
55,Julius Randle,MIN,"$28,939,680","$30,935,520",,,,,"$28,939,680"
56,Nic Claxton,BRK,"$27,556,817","$25,352,272","$23,147,727","$20,943,184",,,"$97,000,000"
57,Miles Bridges,CHO,"$27,173,913","$25,000,000","$22,826,087",,,,"$75,000,000"
58,John Collins,UTA,"$26,580,000","$26,580,000",,,,,"$26,580,000"
59,Andrew Wiggins,GSW,"$26,276,786","$28,223,215","$30,169,644",,,,"$54,500,001"
60,Anfernee Simons,POR,"$25,892,857","$27,678,571",,,,,"$53,571,428"
61,RJ Barrett,TOR,"$25,794,643","$27,705,357","$29,616,071",,,,"$83,116,071"
62,Dejounte Murray,NOP,"$25,499,599","$27,539,568","$29,579,537","$31,619,506",,,"$82,618,704"
63,Tobias Harris,DET,"$25,365,854","$26,634,146",,,,,"$52,000,000"
64,Jaren Jackson Jr.,MEM,"$25,257,798","$23,413,395",,,,,"$48,671,193"
65,Jonathan Isaac,ORL,"$25,000,000","$15,000,000","$14,500,000","$14,500,000","$15,000,000",,"$69,000,000"
66,Jalen Brunson,NYK,"$24,960,001","$34,944,001","$37,739,521","$40,535,041","$43,330,561",,"$138,178,564"
67,Terry Rozier,MIA,"$24,924,126","$26,643,031",,,,,"$51,567,157"
68,Draymond Green,GSW,"$24,107,143","$25,892,857","$27,678,571",,,,"$77,678,571"
69,Kyle Kuzma,WAS,"$23,522,727","$21,477,272","$19,431,819",,,,"$64,431,818"
70,DeMar DeRozan,SAC,"$23,400,000","$24,570,000","$25,740,000",,,,"$47,970,000"
71,Mikal Bridges,NYK,"$23,300,000","$24,900,000",,,,,"$48,200,000"
72,Jaden McDaniels,MIN,"$23,017,242","$24,858,622","$26,700,001","$28,541,380","$30,382,755",,"$133,500,000"
73,Bruce Brown,TOR,"$23,000,000",,,,,,"$23,000,000"
74,Brook Lopez,MIL,"$23,000,000",,,,,,"$23,000,000"
75,Aaron Gordon,DEN,"$22,841,455","$22,841,455",,,,,"$22,841,455"
76,Kentavious Caldwell-Pope,ORL,"$22,757,000","$21,621,500","$21,621,500",,,,"$44,378,500"
77,Cameron Johnson,BRK,"$22,500,000","$20,543,478","$22,500,000",,,,"$65,543,478"
78,Malcolm Brogdon,WAS,"$22,500,000",,,,,,"$22,500,000"
79,Clint Capela,ATL,"$22,265,280",,,,,,"$22,265,280"
80,Dillon Brooks,HOU,"$22,255,493","$21,124,110","$19,992,727",,,,"$63,372,330"
81,De'Andre Hunter,ATL,"$21,696,429","$23,303,571","$24,910,714",,,,"$69,910,714"
82,Lonzo Ball,CHI,"$21,395,348",,,,,,"$21,395,348"
83,Marcus Smart,MEM,"$20,210,284","$21,586,855",,,,,"$41,797,139"
84,Derrick White,BOS,"$20,071,429","$28,100,000","$30,348,000","$32,596,000","$34,844,000",,"$111,115,429"
85,Nikola Vučević,CHI,"$20,000,000","$21,481,481",,,,,"$41,481,481"
86,Jarrett Allen,CLE,"$20,000,000","$20,000,000",,,,,"$40,000,000"
87,Myles Turner,IND,"$19,928,500",,,,,,"$19,928,500"
88,Jakob Poeltl,TOR,"$19,500,000","$19,500,000","$19,500,000",,,,"$39,000,000"
89,Duncan Robinson,MIA,"$19,406,000","$19,888,000",,,,,"$29,294,000"
90,Norman Powell,LAC,"$19,241,379","$20,482,758",,,,,"$39,724,137"
91,Bojan Bogdanović,BRK,"$19,032,850",,,,,,
92,Keldon Johnson,SAS,"$19,000,000","$17,500,000","$17,500,000",,,,"$54,000,000"
93,D'Angelo Russell,LAL,"$18,692,307",,,,,,"$18,692,307"
94,Collin Sexton,UTA,"$18,350,000","$19,175,000",,,,,"$37,525,000"
95,Josh Hart,NYK,"$18,144,000","$19,472,240","$20,923,760","$22,375,280",,,"$58,540,000"
96,Jusuf Nurkić,PHO,"$18,125,000","$19,375,000",,,,,"$37,500,000"
97,Patrick Williams,CHI,"$18,000,000","$18,000,000","$18,000,000","$18,000,000","$18,000,000",,"$72,000,000"
98,Harrison Barnes,SAS,"$18,000,000","$19,000,000",,,,,"$37,000,000"
99,Malik Monk,SAC,"$17,405,203","$18,797,619","$20,190,035","$21,582,451",,,"$56,392,857"
100,Bogdan Bogdanović,ATL,"$17,260,000","$16,020,000","$16,020,000",,,,"$33,280,000"
101,Rui Hachimura,LAL,"$17,000,000","$18,259,259",,,,,"$35,259,259"
102,Kevin Huerter,SAC,"$16,830,357","$17,991,071",,,,,"$34,821,428"
103,Zach Collins,SAS,"$16,741,200","$18,080,496",,,,,"$34,821,696"
104,Caris LeVert,CLE,"$16,615,384",,,,,,"$16,615,384"
105,Luguentz Dort,OKC,"$16,500,000","$17,722,222","$17,722,222",,,,"$34,222,222"
106,Tim Hardaway Jr.,DET,"$16,193,183",,,,,,"$16,193,183"
107,Klay Thompson,DAL,"$15,873,016","$16,666,667","$17,460,317",,,,"$50,000,000"
108,Deni Avdija,POR,"$15,625,000","$14,375,000","$13,125,000","$11,875,000",,,"$55,000,000"
109,Grayson Allen,PHO,"$15,625,000","$16,875,000","$18,125,000","$19,375,000",,,"$50,625,000"
110,P.J. Washington,DAL,"$15,500,000","$14,152,174",,,,,"$29,652,174"
111,Max Strus,CLE,"$15,212,068","$15,936,452","$16,660,836",,,,"$47,809,356"
112,Isaiah Stewart,DET,"$15,000,000","$15,000,000","$15,000,000","$15,000,000",,,"$45,000,000"
113,Dorian Finney-Smith,BRK,"$14,924,167","$15,378,480",,,,,"$14,924,167"
114,Luke Kennard,MEM,"$14,763,636",,,,,,
115,Mitchell Robinson,NYK,"$14,318,182","$12,954,546",,,,,"$27,272,728"
116,Jordan Clarkson,UTA,"$14,092,577","$14,285,714",,,,,"$28,378,291"
117,Onyeka Okongwu,ATL,"$14,000,000","$15,000,000","$16,120,000","$16,880,000",,,"$62,000,000"
118,Naz Reid,MIN,"$13,986,432","$15,022,464",,,,,"$13,986,432"
119,Cade Cunningham,DET,"$13,940,809","$38,661,750","$41,754,690","$44,847,630","$47,940,570","$51,033,510","$238,178,959"
120,Daniel Gafford,DAL,"$13,394,160","$14,386,320",,,,,"$27,780,480"
121,Grant Williams,CHO,"$13,025,250","$13,645,500","$14,265,750",,,,"$40,936,500"
122,Dennis Schröder,BRK,"$13,025,250",,,,,,"$13,025,250"
123,Isaiah Joe,OKC,"$12,991,650","$12,362,338","$11,323,006","$11,323,006",,,"$36,676,994"
124,Herbert Jones,NOP,"$12,976,362","$13,937,574","$14,898,786",,,,"$41,812,722"
125,Austin Reaves,LAL,"$12,976,362","$13,937,574","$14,898,786",,,,"$26,913,936"
126,Obi Toppin,IND,"$12,975,000","$14,000,000","$15,000,000","$16,025,000",,,"$58,000,000"
127,Cole Anthony,ORL,"$12,900,000","$13,100,000","$13,100,000",,,,"$26,000,000"
128,De'Anthony Melton,GSW,"$12,822,000",,,,,,"$12,822,000"
129,Kelly Olynyk,TOR,"$12,804,878","$13,445,122",,,,,"$26,250,000"
130,Victor Wembanyama,SAS,"$12,768,960","$13,376,880","$16,868,246",,,,"$12,768,960"
131,Josh Green,CHO,"$12,654,321","$13,666,667","$14,679,012",,,,"$41,000,000"
132,Richaun Holmes,WAS,"$12,648,321","$13,280,737",,,,,"$12,648,321"
133,Steven Adams,HOU,"$12,600,000",,,,,,"$12,600,000"
134,Bobby Portis,MIL,"$12,578,286","$13,445,754",,,,,"$12,578,286"
135,Zaccharie Risacher,ATL,"$12,569,040","$13,197,720","$13,826,040","$17,434,637",,,"$25,766,760"
136,Brandon Clarke,MEM,"$12,500,000","$12,500,000","$12,500,000",,,,"$37,500,000"
137,Marvin Bagley III,WAS,"$12,500,000",,,,,,"$12,500,000"
138,Jalen Green,HOU,"$12,483,048",,,,,,"$12,483,048"
139,Robert Williams,POR,"$12,428,571","$13,285,713",,,,,"$25,714,284"
140,Paolo Banchero,ORL,"$12,160,800","$15,334,769",,,,,"$27,495,569"
141,Coby White,CHI,"$12,000,000","$12,888,889",,,,,"$24,888,889"
142,Wendell Carter Jr.,ORL,"$11,950,000","$10,850,000",,,,,"$22,800,000"
143,Ivica Zubac,LAC,"$11,743,210",,,,,,"$11,743,210"
144,P.J. Tucker,LAC,"$11,539,000",,,,,,"$11,539,000"
145,Donte DiVincenzo,MIN,"$11,445,000","$11,990,000","$12,535,000",,,,"$35,970,000"
146,Brandon Miller,CHO,"$11,424,600","$11,968,800","$15,104,626",,,,"$11,424,600"
147,Terance Mann,LAC,"$11,423,077",,,,,,"$11,423,077"
148,Alex Sarr,WAS,"$11,245,680","$11,808,240","$12,370,680","$15,611,798",,,"$23,053,920"
149,Evan Mobley,CLE,"$11,227,657","$38,661,750","$41,754,690","$44,847,630","$47,940,570","$51,033,510","$235,465,807"
150,Larry Nance Jr.,ATL,"$11,205,000",,,,,,"$11,205,000"
151,Matisse Thybulle,POR,"$11,025,000","$11,550,000",,,,,"$11,025,000"
152,Aaron Nesmith,IND,"$11,000,000","$11,000,000","$11,000,000",,,,"$33,000,000"
153,Gabe Vincent,LAL,"$11,000,000","$11,500,000",,,,,"$22,500,000"
154,Maxi Kleber,DAL,"$11,000,000","$11,000,000",,,,,"$22,000,000"
155,Moritz Wagner,ORL,"$11,000,000","$11,000,000",,,,,"$11,000,000"
156,Chet Holmgren,OKC,"$10,880,640","$13,731,368",,,,,"$10,880,640"
157,Chris Boucher,TOR,"$10,810,000",,,,,,"$10,810,000"
158,Jarred Vanderbilt,LAL,"$10,714,286","$11,571,429","$12,428,571","$13,285,714",,,"$34,714,286"
159,Aaron Wiggins,OKC,"$10,514,017","$9,672,897","$8,831,776","$7,990,655","$7,990,655",,"$45,000,000"
160,Chris Paul,SAS,"$10,460,000",,,,,,"$10,460,000"
161,Scoot Henderson,POR,"$10,259,160","$10,748,040","$13,585,523",,,,"$10,259,160"
162,Scottie Barnes,TOR,"$10,130,980","$38,661,750","$41,754,690","$44,847,630","$47,940,570","$51,033,510","$234,369,130"
163,Reed Sheppard,HOU,"$10,098,960","$10,603,560","$11,108,880","$14,041,625",,,"$20,702,520"
164,Mike Conley,MIN,"$9,975,962","$10,774,038",,,,,"$20,750,000"
165,Jonas Valančiūnas,WAS,"$9,900,000","$10,395,000","$10,000,000",,,,"$20,295,000"
166,Alex Caruso,OKC,"$9,890,000",,,,,,"$3,000,000"
167,Jabari Smith Jr.,HOU,"$9,770,880","$12,350,392",,,,,"$9,770,880"
168,Jeff Green,HOU,"$9,600,000",,,,,,"$9,600,000"
169,Derrick Jones Jr.,LAC,"$9,523,810","$10,000,000","$10,476,190",,,,"$30,000,000"
170,Al Horford,BOS,"$9,500,000",,,,,,"$9,500,000"
171,Pat Connaughton,MIL,"$9,423,869","$9,423,869",,,,,"$9,423,869"
172,Royce O'Neale,PHO,"$9,375,000","$10,125,000","$10,875,000","$11,625,000",,,"$42,000,000"
173,T.J. McConnell,IND,"$9,300,000",,,,,,"$9,300,000"
174,Amen Thompson,HOU,"$9,249,960","$9,690,600","$12,258,609",,,,"$9,249,960"
175,Jalen Suggs,ORL,"$9,188,385",,,,,,"$9,188,385"
176,Gary Payton II,GSW,"$9,130,000",,,,,,"$9,130,000"
177,Stephon Castle,SAS,"$9,105,120","$9,560,520","$10,015,920","$12,670,139",,,"$18,665,640"
178,Tre Jones,SAS,"$9,104,167",,,,,,"$9,104,167"
179,Goga Bitadze,ORL,"$9,057,971","$8,333,333","$7,608,696",,,,"$25,000,000"
180,Zeke Nnaji,DEN,"$8,888,889","$8,177,778","$7,466,667","$7,466,667",,,"$24,533,334"
181,Keegan Murray,SAC,"$8,809,560","$11,144,093",,,,,"$19,953,653"
182,Buddy Hield,GSW,"$8,780,488","$9,219,512","$9,658,536","$10,097,560",,,"$27,658,536"
183,Kyle Anderson,GSW,"$8,780,488","$9,219,512","$9,658,536",,,,"$18,000,000"
184,Naji Marshall,DAL,"$8,571,429","$9,000,000","$9,428,571",,,,"$27,000,000"
185,Jalen Smith,CHI,"$8,571,429","$9,000,000","$9,428,571",,,,"$27,000,000"
186,Georges Niang,CLE,"$8,500,000","$8,200,000",,,,,"$16,700,000"
187,Ausar Thompson,DET,"$8,376,000","$8,775,000","$11,117,925",,,,"$8,376,000"
188,Josh Giddey,CHI,"$8,352,367",,,,,,"$8,352,367"
189,Josh Okogie,PHO,"$8,250,000","$7,750,000",,,,,"$8,250,000"
190,Ron Holland,DET,"$8,245,320","$8,657,280","$9,069,600","$11,491,183",,,"$16,902,600"
191,Caleb Martin,PHI,"$8,149,001","$8,556,451","$8,963,901","$9,371,351",,,"$25,669,353"
192,Cody Martin,CHO,"$8,120,000","$8,680,000",,,,,"$8,120,000"
193,Jock Landale,HOU,"$8,000,000","$8,000,000","$8,000,000",,,,"$16,000,000"
194,Trey Lyles,SAC,"$8,000,000",,,,,,"$8,000,000"
195,Kevon Looney,GSW,"$8,000,000",,,,,,"$8,000,000"
196,Kelly Oubre Jr.,PHI,"$7,983,000","$8,382,150",,,,,"$7,983,000"
197,Jaden Ivey,DET,"$7,977,240","$10,107,163",,,,,"$7,977,240"
198,KJ Martin,PHI,"$7,975,000","$8,025,000",,,,,"$7,975,000"
199,Paul Reed,DET,"$7,723,000","$8,109,150",,,,,"$7,723,000"
200,Vasilije Micić,CHO,"$7,723,000","$8,109,150",,,,,"$7,723,000"
201,Simone Fontecchio,DET,"$7,692,308","$8,307,692",,,,,"$16,000,000"
202,Jonathan Kuminga,GSW,"$7,636,307",,,,,,"$7,636,307"
203,Anthony Black,ORL,"$7,607,760","$7,970,280","$10,106,316",,,,"$15,578,040"
204,Gary Harris,ORL,"$7,500,000","$7,500,000",,,,,"$7,500,000"
205,Tidjane Salaün,CHO,"$7,488,720","$7,863,240","$8,237,880","$10,445,633",,,"$15,351,960"
206,Bennedict Mathurin,IND,"$7,245,720","$9,187,573",,,,,"$7,245,720"
207,Max Christie,LAL,"$7,142,857","$7,714,286","$8,285,714","$8,857,143",,,"$23,142,857"
208,Jae'Sean Tate,HOU,"$7,065,217",,,,,,"$7,065,217"
209,Franz Wagner,ORL,"$7,007,092","$38,661,750","$41,754,690","$44,847,630","$47,940,570","$51,033,510","$231,245,242"
210,Ayo Dosunmu,CHI,"$7,000,000","$7,518,518",,,,,"$14,518,518"
211,Bilal Coulibaly,WAS,"$6,945,240","$7,275,600","$9,240,012",,,,"$6,945,240"
212,Donovan Clingan,POR,"$6,836,400","$7,178,400","$7,519,920","$9,550,298",,,"$14,014,800"
213,Nassir Little,PHO,"$6,750,000","$7,250,000","$7,750,000",,,,"$21,750,000"
214,Payton Pritchard,BOS,"$6,696,429","$7,232,143","$7,767,857","$8,303,571",,,"$30,000,000"
215,Kenrich Williams,OKC,"$6,669,000","$7,163,000","$7,163,000",,,,"$13,832,000"
216,Shaedon Sharpe,POR,"$6,614,160","$8,399,983",,,,,"$6,614,160"
217,Jevon Carter,CHI,"$6,500,000","$6,809,524",,,,,"$6,500,000"
218,Davion Mitchell,TOR,"$6,451,077",,,,,,"$6,451,077"
219,Saddiq Bey,WAS,"$6,440,678","$6,118,644","$6,440,678",,,,"$19,000,000"
220,Jarace Walker,IND,"$6,362,520","$6,665,520","$8,478,542",,,,"$6,362,520"
221,Rob Dillingham,MIN,"$6,262,920","$6,576,120","$6,889,320","$8,763,216",,,"$12,839,040"
222,Dean Wade,CLE,"$6,166,667","$6,623,456",,,,,"$6,166,667"
223,John Konchar,MEM,"$6,165,000","$6,165,000","$6,165,000",,,,"$18,495,000"
224,Ziaire Williams,BRK,"$6,133,005",,,,,,"$6,133,005"
225,Dyson Daniels,ATL,"$6,059,520","$7,707,709",,,,,"$6,059,520"
226,Malik Beasley,DET,"$6,000,000",,,,,,"$6,000,000"
227,Chris Duarte,CHI,"$5,893,768",,,,,,"$5,893,768"
228,Taylor Hendricks,UTA,"$5,848,680","$6,127,080","$7,805,900",,,,"$5,848,680"
229,Moses Moody,GSW,"$5,803,269",,,,,,"$5,803,269"
230,Zach Edey,MEM,"$5,756,880","$6,045,000","$6,332,760","$8,067,937",,,"$11,801,880"
231,Corey Kispert,WAS,"$5,705,887",,,,,,"$5,705,887"
232,Jeremy Sochan,SAS,"$5,570,040","$7,096,231",,,,,"$5,570,040"
233,Cason Wallace,OKC,"$5,555,880","$5,820,240","$7,420,806",,,,"$5,555,880"
234,Cody Williams,UTA,"$5,469,120","$5,742,480","$6,015,600","$7,669,890",,,"$11,211,600"
235,Alperen Sengun,HOU,"$5,424,654",,,,,,"$5,424,654"
236,Johnny Davis,WAS,"$5,291,160","$6,746,229",,,,,"$5,291,160"
237,Jett Howard,ORL,"$5,278,320","$5,529,720","$7,337,939",,,,"$10,808,040"
238,Dāvis Bertāns,CHO,"$5,250,000",,,,,,"$5,250,000"
239,Haywood Highsmith,MIA,"$5,200,000","$5,616,000",,,,,"$10,816,000"
240,Matas Buzelis,CHI,"$5,195,520","$5,455,560","$5,715,360","$7,584,283",,,"$10,651,080"
241,Dario Šarić,DEN,"$5,168,000","$5,426,400",,,,,"$5,168,000"
242,Trey Murphy III,NOP,"$5,159,854",,,,,,"$5,159,854"
243,Ousmane Dieng,OKC,"$5,027,040","$6,670,882",,,,,"$5,027,040"
244,Dereck Lively II,DAL,"$5,014,560","$5,253,360","$7,239,131",,,,"$5,014,560"
245,Andre Drummond,PHI,"$5,000,000","$5,000,000",,,,,"$5,000,000"
246,Nick Richards,CHO,"$5,000,000","$5,000,000",,,,,"$5,000,000"
247,Nikola Topić,OKC,"$4,935,960","$5,182,920","$5,429,760","$7,482,210",,,"$10,118,880"
248,Tre Mann,CHO,"$4,908,373",,,,,,"$4,908,373"
249,Jalen Williams,OKC,"$4,775,760","$6,580,997",,,,,"$4,775,760"
250,Gradey Dick,TOR,"$4,763,760","$4,990,560","$7,131,511",,,,"$4,763,760"
251,Jalen McDaniels,SAC,"$4,741,800",,,,,,"$4,741,800"
252,Miles McBride,NYK,"$4,710,144","$4,333,333","$3,956,523",,,,"$13,000,000"
253,Devin Carter,SAC,"$4,689,000","$4,923,720","$5,158,080","$7,370,897",,,"$9,612,720"
254,Nicolas Batum,LAC,"$4,668,000","$4,901,400",,,,,"$4,668,000"
255,Aaron Holiday,HOU,"$4,668,000","$4,901,400",,,,,"$4,668,000"
256,Kel'el Ware,MIA,"$4,655,040","$4,887,720","$5,120,400","$7,849,573",,,"$9,542,760"
257,Jalen Duren,DET,"$4,536,840","$6,483,144",,,,,"$4,536,840"
258,Jordan Hawkins,NOP,"$4,525,680","$4,741,320","$7,021,895",,,,"$9,267,000"
259,Jalen Johnson,ATL,"$4,510,905",,,,,,"$4,510,905"
260,Carlton Carrington,WAS,"$4,454,880","$4,677,600","$4,900,560","$7,257,730",,,"$9,132,480"
261,Isaiah Jackson,IND,"$4,435,381",,,,,,"$4,435,381"
262,Nickeil Alexander-Walker,MIN,"$4,312,500",,,,,,"$4,312,500"
263,Ochai Agbaji,TOR,"$4,310,280","$6,383,525",,,,,"$4,310,280"
264,Kobe Bufkin,ATL,"$4,299,000","$4,503,720","$6,904,203",,,,"$4,299,000"
265,Quentin Grimes,DAL,"$4,296,682",,,,,,"$4,296,682"
266,Bones Hyland,LAC,"$4,158,439",,,,,,"$4,158,439"
267,Mark Williams,CHO,"$4,094,280","$6,276,531",,,,,"$4,094,280"
268,Keyonte George,UTA,"$4,084,200","$4,278,960","$6,563,925",,,,"$4,084,200"
269,Cam Thomas,BRK,"$4,041,249",,,,,,
270,Russell Westbrook,UTA,"$4,027,525",,,,,,"$4,027,525"
271,Jared McCain,PHI,"$4,020,360","$4,221,360","$4,422,600","$6,784,268",,,"$8,241,720"
272,Jaden Springer,BOS,"$4,018,363",,,,,,"$4,018,363"
273,Dwight Powell,DAL,"$4,000,000","$4,000,000",,,,,"$4,000,000"
274,Day'Ron Sharpe,BRK,"$3,989,122",,,,,,
275,Santi Aldama,MEM,"$3,960,531",,,,,,"$3,960,531"
276,Amir Coffey,LAC,"$3,938,271",,,,,,"$3,938,271"
277,AJ Griffin,HOU,"$3,889,920","$5,967,137",,,,,"$3,889,920"
278,Jalen Hood-Schifino,LAL,"$3,879,840","$4,064,640","$6,243,288",,,,"$3,879,840"
279,Kevin Love,MIA,"$3,850,000","$4,150,000",,,,,"$8,000,000"
280,Dalton Knecht,LAL,"$3,819,120","$4,010,160","$4,201,080","$6,452,860",,,"$7,829,280"
281,Tari Eason,HOU,"$3,695,160","$5,675,766",,,,,"$3,695,160"
282,Jaime Jaquez Jr.,MIA,"$3,685,800","$3,861,600","$5,939,141",,,,"$7,547,400"
283,Tristan Da Silva,ORL,"$3,628,440","$3,809,520","$3,991,200","$6,138,466",,,"$7,437,960"
284,Brandin Podziemski,GSW,"$3,519,960","$3,687,960","$5,679,459",,,,"$3,519,960"
285,Dalen Terry,CHI,"$3,510,480","$5,399,118",,,,,"$8,909,598"
286,Cody Zeller,ATL,"$3,500,000","$3,675,000","$3,850,000",,,,"$3,500,000"
287,Ja'Kobe Walter,TOR,"$3,465,000","$3,638,160","$3,811,800","$5,870,172",,,"$7,103,160"
288,Cam Whitmore,HOU,"$3,379,080","$3,539,760","$5,458,310",,,,"$3,379,080"
289,Derrick Rose,MEM,"$3,356,271",,,,,,"$3,356,271"
290,Jake LaRavia,MEM,"$3,352,680","$5,163,127",,,,,"$3,352,680"
291,Jaylon Tyson,CLE,"$3,326,160","$3,492,480","$3,658,560","$5,641,500",,,"$6,818,640"
292,Eric Gordon,PHI,"$3,303,771","$3,468,960",,,,,"$3,303,771"
293,Cory Joseph,ORL,"$3,303,771","$3,468,960",,,,,"$3,303,771"
294,Noah Clowney,BRK,"$3,244,080","$3,398,640","$5,414,034",,,,"$3,244,080"
295,Malaki Branham,SAS,"$3,217,920","$4,962,033",,,,,"$3,217,920"
296,Yves Missi,NOP,"$3,193,200","$3,353,040","$3,512,760","$5,595,827",,,"$6,546,240"
297,Dante Exum,DAL,"$3,150,000",,,,,,
298,Dariq Whitehead,BRK,"$3,114,240","$3,262,560","$5,366,912",,,,"$3,114,240"
299,Christian Braun,DEN,"$3,089,640","$4,921,797",,,,,"$8,011,437"
300,DaRon Holmes,DEN,"$3,065,640","$3,218,760","$3,372,120","$5,547,138",,,"$6,284,400"
301,Josh Richardson,MIA,"$3,051,153",,,,,,"$3,051,153"
302,Christian Wood,LAL,"$3,036,040",,,,,,"$3,036,040"
303,Julian Champagnie,SAS,"$3,000,000","$3,000,000","$3,000,000",,,,
304,Kris Murray,POR,"$2,990,040","$3,132,000","$5,315,004",,,,"$2,990,040"
305,Walker Kessler,UTA,"$2,965,920","$4,878,938",,,,,"$2,965,920"
306,Shake Milton,BRK,"$2,875,000","$3,000,000","$3,287,406",,,,"$9,162,406"
307,Olivier-Maxence Prosper,DAL,"$2,870,400","$3,007,080","$5,259,383",,,,"$2,870,400"
308,Devonte' Graham,CHO,"$2,850,000",,,,,,"$2,850,000"
309,David Roddy,ATL,"$2,847,240","$4,831,766",,,,,"$2,847,240"
310,Torrey Craig,CHI,"$2,845,342",,,,,,"$2,845,342"
311,Kyshawn George,WAS,"$2,825,520","$2,966,760","$3,108,000","$5,435,892",,,"$5,792,280"
312,AJ Johnson,MIL,"$2,795,294","$3,090,480","$3,237,120","$5,493,394",,,"$5,885,774"
313,Marcus Sasser,DET,"$2,755,080","$2,886,720","$5,198,983",,,,"$2,755,080"
314,Dewayne Dedmon,DET,"$2,748,674",,,,,,"$2,748,674"
315,MarJon Beauchamp,MIL,"$2,733,720","$4,781,276",,,,,"$2,733,720"
316,Trendon Watford,BRK,"$2,726,603",,,,,,"$2,726,603"
317,Ben Sheppard,IND,"$2,663,880","$2,790,720","$5,031,669",,,,"$2,663,880"
318,Keita Bates-Diop,MIN,"$2,654,644",,,,,,"$2,654,644"
319,Yuta Watanabe,MEM,"$2,654,644",,,,,,
320,Blake Wesley,SAS,"$2,624,280","$4,726,328",,,,,"$2,624,280"
321,Dillon Jones,OKC,"$2,622,360","$2,753,280","$2,884,440","$5,200,646",,,"$5,375,640"
322,Nick Smith Jr.,CHO,"$2,587,200","$2,710,680","$4,890,067",,,,"$2,587,200"
323,Brice Sensabaugh,UTA,"$2,571,480","$2,693,760","$4,862,237",,,,"$2,571,480"
324,Ty Jerome,CLE,"$2,560,975",,,,,,"$2,560,975"
325,Julian Strawther,DEN,"$2,552,520","$2,674,200","$4,826,931",,,,"$5,226,720"
326,Terrence Shannon Jr.,MIN,"$2,546,640","$2,674,080","$2,801,640","$5,054,159",,,"$5,220,720"
327,Wendell Moore Jr.,DET,"$2,537,040","$4,574,283",,,,,"$2,537,040"
328,Kobe Brown,LAC,"$2,533,920","$2,654,880","$4,792,059",,,,"$2,533,920"
329,Ryan Dunn,PHO,"$2,530,800","$2,657,760","$2,784,240","$5,025,553",,,"$5,188,560"
330,Isaiah Collier,UTA,"$2,512,680","$2,638,200","$2,763,960","$4,988,948",,,"$5,150,880"
331,Baylor Scheierman,BOS,"$2,494,320","$2,619,000","$2,744,040","$4,952,993",,,"$10,191,353"
332,Nikola Jović,MIA,"$2,464,200","$4,445,417",,,,,"$6,909,617"
333,Jaxson Hayes,LAL,"$2,463,946",,,,,,"$2,463,946"
334,Cam Reddish,LAL,"$2,463,946",,,,,,"$2,463,946"
335,Oshae Brissett,BOS,"$2,463,946",,,,,,
336,Patrick Baldwin Jr.,WAS,"$2,448,840","$4,420,156",,,,,"$2,448,840"
337,Peyton Watson,DEN,"$2,413,560","$4,356,476",,,,,"$6,770,036"
338,Mamadi Diakite,MEM,"$2,273,252",,,,,,"$2,273,252"
339,Xavier Tillman Sr.,BOS,"$2,237,691","$2,546,675",,,,,"$4,784,366"
340,Kevin Porter Jr.,LAC,"$3,237,691","$2,546,675",,,,,"$2,237,691"
341,James Wiseman,IND,"$2,237,691","$2,546,675",,,,,"$2,237,691"
342,Garrison Mathews,ATL,"$2,230,253",,,,,,"$2,230,253"
343,JaVale McGee,DAL,"$2,208,856","$2,208,856","$2,208,856","$2,208,856",,,"$8,835,424"
344,Jared Butler,WAS,"$2,196,970","$2,381,501",,,,,"$2,196,970"
345,Jeremiah Robinson-Earl,NOP,"$2,196,970",,,,,,"$2,196,970"
346,Lindy Waters III,GSW,"$2,196,970",,,,,,"$2,196,970"
347,Dalano Banton,POR,"$2,196,970",,,,,,"$2,019,706"
348,Joshua Primo,LAC,"$2,196,970",,,,,,
349,Sam Merrill,CLE,"$2,164,993",,,,,,"$2,164,993"
350,Duane Washington Jr.,CHO,"$2,162,607",,,,,,"$2,162,607"
351,Luka Garza,MIN,"$2,162,606","$2,349,578",,,,,"$2,162,606"
352,Neemias Queta,BOS,"$2,162,606","$2,349,578","$2,667,944",,,,"$2,162,606"
353,Vit Krejci,ATL,"$2,162,606","$2,349,578","$2,667,944","$3,005,085",,,"$2,162,606"
354,A.J. Lawson,DAL,"$2,120,693","$2,301,587","$2,489,752",,,,"$6,912,032"
355,Vince Williams Jr.,MEM,"$2,120,693","$2,301,587","$2,489,752",,,,"$4,422,280"
356,Colby Jones,SAC,"$2,120,693","$2,221,677","$2,406,205",,,,"$2,120,693"
357,E.J. Liddell,PHO,"$2,120,693",,,,,,"$2,120,693"
358,Keon Ellis,SAC,"$2,120,693","$2,301,587",,,,,
359,A.J. Green,MIL,"$2,120,693","$2,301,587",,,,,
360,Kendall Brown,IND,"$2,120,693","$2,301,587",,,,,
361,Sam Hauser,BOS,"$2,092,344","$10,044,644","$10,848,215","$11,651,785","$12,455,356",,"$47,092,344"
362,Jericho Sims,NYK,"$2,092,344",,,,,,"$2,092,344"
363,Garrett Temple,TOR,"$2,087,519",,,,,,"$2,087,519"
364,Charles Bassey,SAS,"$2,087,519",,,,,,"$2,087,519"
365,Alex Len,SAC,"$2,087,519",,,,,,"$2,087,519"
366,Jordan McLaughlin,SAC,"$2,087,519",,,,,,"$2,087,519"
367,Monte Morris,PHO,"$2,087,519",,,,,,"$2,087,519"
368,Mason Plumlee,PHO,"$2,087,519",,,,,,"$2,087,519"
369,Damion Lee,PHO,"$2,087,519",,,,,,"$2,087,519"
370,Kyle Lowry,PHI,"$2,087,519",,,,,,"$2,087,519"
371,Cameron Payne,NYK,"$2,087,519",,,,,,"$2,087,519"
372,Daniel Theis,NOP,"$2,087,519",,,,,,"$2,087,519"
373,Joe Ingles,MIN,"$2,087,519",,,,,,"$2,087,519"
374,Taurean Prince,MIL,"$2,087,519",,,,,,"$2,087,519"
375,Delon Wright,MIL,"$2,087,519",,,,,,"$2,087,519"
376,Thomas Bryant,MIA,"$2,087,519",,,,,,"$2,087,519"
377,Alec Burks,MIA,"$2,087,519",,,,,,"$2,087,519"
378,Kai Jones,LAC,"$2,087,519",,,,,,"$2,087,519"
379,Mo Bamba,LAC,"$2,087,519",,,,,,"$2,087,519"
380,Vlatko Čančar,DEN,"$2,087,519",,,,,,"$2,087,519"
381,Reggie Jackson,CHO,"$2,087,519",,,,,,"$2,087,519"
382,Taj Gibson,CHO,"$2,087,519",,,,,,"$2,087,519"
383,Seth Curry,CHO,"$2,087,519",,,,,,"$2,087,519"
384,Ron Harper Jr.,BOS,"$2,087,519",,,,,,"$2,087,519"
385,Luke Kornet,BOS,"$2,087,519",,,,,,"$2,087,519"
386,PJ Dozier,MIN,"$2,087,519",,,,,,
387,Duop Reath,POR,"$2,048,780","$2,221,677",,,,,"$2,048,780"
388,Andrew Nembhard,IND,"$2,019,699","$18,102,000","$19,550,160","$20,998,320",,,"$60,670,179"
389,Kennedy Chandler,MEM,"$2,019,699",,,,,,"$2,019,699"
390,Jaden Hardy,DAL,"$2,019,699",,,,,,"$400,000"
391,Jabari Walker,POR,"$2,019,699",,,,,,
392,Caleb Houstan,ORL,"$2,019,699","$2,187,699",,,,,
393,Jaylin Williams,OKC,"$2,019,699","$2,187,451",,,,,
394,Josh Minott,MIN,"$2,019,699","$2,187,451",,,,,
395,Jose Alvarado,NOP,"$1,988,598",,,,,,"$1,988,598"
396,Sidy Cissoko,SAS,"$1,891,857","$2,221,677",,,,,"$4,113,534"
397,Ricky Council IV,PHI,"$1,891,857","$2,221,677","$2,406,205",,,,"$4,113,534"
398,GG Jackson II,MEM,"$1,891,857","$2,221,677","$2,406,205",,,,"$4,113,534"
399,Jalen Pickett,DEN,"$1,891,857","$2,221,677","$2,406,205",,,,"$4,113,534"
400,Hunter Tyson,DEN,"$1,891,857","$2,221,677","$2,406,205",,,,"$4,113,534"
401,Julian Phillips,CHI,"$1,891,857","$2,221,677","$2,406,205",,,,"$4,113,534"
402,Jordan Walsh,BOS,"$1,891,857","$2,221,677","$2,406,205",,,,"$2,091,857"
403,Rayan Rupert,POR,"$1,891,857","$2,221,677",,,,,"$1,891,857"
404,Leonard Miller,MIN,"$1,891,857","$2,221,677","$2,406,205",,,,"$1,891,857"
405,Chris Livingston,MIL,"$1,891,857","$2,221,677","$2,406,205",,,,"$1,891,857"
406,Maxwell Lewis,LAL,"$1,891,857","$2,221,677","$2,406,205",,,,"$1,891,857"
407,Trayce Jackson-Davis,GSW,"$1,891,857","$2,221,677","$2,406,205",,,,"$1,891,857"
408,Mouhamed Gueye,ATL,"$1,891,857","$2,221,677","$2,406,205",,,,"$1,891,857"
409,Toumani Camara,POR,"$1,891,857","$2,221,677","$2,406,205",,,,
410,Andre Jackson Jr.,MIL,"$1,891,857","$2,221,677","$2,406,205",,,,
411,Gui Santos,GSW,"$1,891,857","$2,221,677",,,,,
412,Craig Porter Jr.,CLE,"$1,891,857","$2,221,677","$2,406,205",,,,
413,Onuralp Bitim,CHI,"$1,891,857","$2,221,677",,,,,
414,Jalen Wilson,BRK,"$1,891,857","$2,221,677",,,,,
415,Pacome Dadiet,NYK,"$1,808,080","$2,847,600","$2,983,680","$5,373,608",,,"$4,655,680"
416,Ricky Rubio,CLE,"$1,301,031",,,,,,"$1,301,031"
417,Eric Bledsoe,POR,"$1,300,000",,,,,,"$1,300,000"
418,Tyler Smith,MIL,"$1,157,153","$1,955,377","$2,296,271","$2,486,995",,,"$5,408,801"
419,Jazian Gortman,DAL,"$1,157,153",,,,,,"$1,157,153"
420,Kevin Porter Jr.,OKC,"$3,237,691","$2,546,675",,,,,"$1,000,000"
421,Nik Stauskas,IND,"$702,310",,,,,,"$702,310"
422,Ryan Rollins,WAS,"$600,000",,,,,,"$600,000"
423,Juwan Morgan,IND,"$576,229",,,,,,"$576,229"
424,Malik Fitts,IND,"$555,216",,,,,,"$555,216"
425,Jordan Goodwin,BRK,"$325,590",,,,,,"$325,590"
426,Didi Louzada,POR,"$268,032","$268,032","$268,032","$268,032","$268,032",,"$1,340,160"
427,Javon Freeman-Liberty,TOR,"$100,000",,,,,,"$100,000"